[
{
    "model": "lcf.scenario",
    "pk": 201,
    "fields": {
        "name": "With nuclear! (and not solar)",
        "description": "",
        "date": "2017-03-10T18:08:25.997Z",
        "budget": 3.3,
        "percent_emerging": 0.6,
        "rank_by_levelised_cost": true,
        "set_strike_price": false,
        "start_year": 2021,
        "end_year": 2025,
        "excel_wp_error": true
    }
},
{
    "model": "lcf.auctionyear",
    "pk": 1195,
    "fields": {
        "scenario": 201,
        "year": 2020,
        "wholesale_price": 48.5400340402009,
        "gas_price": 85.0
    }
},
{
    "model": "lcf.auctionyear",
    "pk": 1196,
    "fields": {
        "scenario": 201,
        "year": 2021,
        "wholesale_price": 54.285722954952,
        "gas_price": 87.0
    }
},
{
    "model": "lcf.auctionyear",
    "pk": 1197,
    "fields": {
        "scenario": 201,
        "year": 2022,
        "wholesale_price": 58.4749297906221,
        "gas_price": 89.0
    }
},
{
    "model": "lcf.auctionyear",
    "pk": 1198,
    "fields": {
        "scenario": 201,
        "year": 2023,
        "wholesale_price": 60.1487865144807,
        "gas_price": 91.0
    }
},
{
    "model": "lcf.auctionyear",
    "pk": 1199,
    "fields": {
        "scenario": 201,
        "year": 2024,
        "wholesale_price": 64.9687482891174,
        "gas_price": 93.0
    }
},
{
    "model": "lcf.auctionyear",
    "pk": 1200,
    "fields": {
        "scenario": 201,
        "year": 2025,
        "wholesale_price": 67.2664653151834,
        "gas_price": 95.0
    }
},
{
    "model": "lcf.pot",
    "pk": 1735,
    "fields": {
        "auctionyear": 1195,
        "name": "E"
    }
},
{
    "model": "lcf.pot",
    "pk": 1736,
    "fields": {
        "auctionyear": 1195,
        "name": "M"
    }
},
{
    "model": "lcf.pot",
    "pk": 1737,
    "fields": {
        "auctionyear": 1195,
        "name": "SN"
    }
},
{
    "model": "lcf.pot",
    "pk": 1738,
    "fields": {
        "auctionyear": 1196,
        "name": "E"
    }
},
{
    "model": "lcf.pot",
    "pk": 1739,
    "fields": {
        "auctionyear": 1196,
        "name": "M"
    }
},
{
    "model": "lcf.pot",
    "pk": 1740,
    "fields": {
        "auctionyear": 1196,
        "name": "SN"
    }
},
{
    "model": "lcf.pot",
    "pk": 1741,
    "fields": {
        "auctionyear": 1197,
        "name": "E"
    }
},
{
    "model": "lcf.pot",
    "pk": 1742,
    "fields": {
        "auctionyear": 1197,
        "name": "M"
    }
},
{
    "model": "lcf.pot",
    "pk": 1743,
    "fields": {
        "auctionyear": 1197,
        "name": "SN"
    }
},
{
    "model": "lcf.pot",
    "pk": 1744,
    "fields": {
        "auctionyear": 1198,
        "name": "E"
    }
},
{
    "model": "lcf.pot",
    "pk": 1745,
    "fields": {
        "auctionyear": 1198,
        "name": "M"
    }
},
{
    "model": "lcf.pot",
    "pk": 1746,
    "fields": {
        "auctionyear": 1198,
        "name": "SN"
    }
},
{
    "model": "lcf.pot",
    "pk": 1747,
    "fields": {
        "auctionyear": 1199,
        "name": "E"
    }
},
{
    "model": "lcf.pot",
    "pk": 1748,
    "fields": {
        "auctionyear": 1199,
        "name": "M"
    }
},
{
    "model": "lcf.pot",
    "pk": 1749,
    "fields": {
        "auctionyear": 1199,
        "name": "SN"
    }
},
{
    "model": "lcf.pot",
    "pk": 1750,
    "fields": {
        "auctionyear": 1200,
        "name": "E"
    }
},
{
    "model": "lcf.pot",
    "pk": 1751,
    "fields": {
        "auctionyear": 1200,
        "name": "M"
    }
},
{
    "model": "lcf.pot",
    "pk": 1752,
    "fields": {
        "auctionyear": 1200,
        "name": "SN"
    }
},
{
    "model": "lcf.technology",
    "pk": 1405,
    "fields": {
        "name": "WA",
        "pot": 1735,
        "min_levelised_cost": 260.75,
        "max_levelised_cost": 298.0,
        "strike_price": 305.0,
        "load_factor": 0.31,
        "project_gen": 27.0,
        "max_deployment_cap": 0.034
    }
},
{
    "model": "lcf.technology",
    "pk": 1406,
    "fields": {
        "name": "WA",
        "pot": 1738,
        "min_levelised_cost": 245.875,
        "max_levelised_cost": 281.0,
        "strike_price": 305.0,
        "load_factor": 0.31,
        "project_gen": 27.0,
        "max_deployment_cap": 0.0032
    }
},
{
    "model": "lcf.technology",
    "pk": 1407,
    "fields": {
        "name": "WA",
        "pot": 1741,
        "min_levelised_cost": 231.0,
        "max_levelised_cost": 264.0,
        "strike_price": 305.0,
        "load_factor": 0.31,
        "project_gen": 27.0,
        "max_deployment_cap": 0.0032
    }
},
{
    "model": "lcf.technology",
    "pk": 1408,
    "fields": {
        "name": "WA",
        "pot": 1744,
        "min_levelised_cost": 216.125,
        "max_levelised_cost": 247.0,
        "strike_price": 305.0,
        "load_factor": 0.31,
        "project_gen": 27.0,
        "max_deployment_cap": 0.0032
    }
},
{
    "model": "lcf.technology",
    "pk": 1409,
    "fields": {
        "name": "WA",
        "pot": 1747,
        "min_levelised_cost": 201.25,
        "max_levelised_cost": 230.0,
        "strike_price": 305.0,
        "load_factor": 0.31,
        "project_gen": 27.0,
        "max_deployment_cap": 0.0032
    }
},
{
    "model": "lcf.technology",
    "pk": 1410,
    "fields": {
        "name": "WA",
        "pot": 1750,
        "min_levelised_cost": 186.375,
        "max_levelised_cost": 213.0,
        "strike_price": 305.0,
        "load_factor": 0.31,
        "project_gen": 27.0,
        "max_deployment_cap": 0.0032
    }
},
{
    "model": "lcf.technology",
    "pk": 1411,
    "fields": {
        "name": "ONW",
        "pot": 1736,
        "min_levelised_cost": 61.0,
        "max_levelised_cost": 80.0,
        "strike_price": 80.0,
        "load_factor": 0.278125,
        "project_gen": 30.0,
        "max_deployment_cap": 0.73
    }
},
{
    "model": "lcf.technology",
    "pk": 1412,
    "fields": {
        "name": "ONW",
        "pot": 1739,
        "min_levelised_cost": 61.4,
        "max_levelised_cost": 81.0,
        "strike_price": 80.0,
        "load_factor": 0.2803125,
        "project_gen": 30.0,
        "max_deployment_cap": 0.73
    }
},
{
    "model": "lcf.technology",
    "pk": 1413,
    "fields": {
        "name": "ONW",
        "pot": 1742,
        "min_levelised_cost": 61.8,
        "max_levelised_cost": 82.0,
        "strike_price": 80.0,
        "load_factor": 0.2825,
        "project_gen": 30.0,
        "max_deployment_cap": 0.73
    }
},
{
    "model": "lcf.technology",
    "pk": 1414,
    "fields": {
        "name": "ONW",
        "pot": 1745,
        "min_levelised_cost": 62.2,
        "max_levelised_cost": 83.0,
        "strike_price": 80.0,
        "load_factor": 0.2846875,
        "project_gen": 30.0,
        "max_deployment_cap": 0.73
    }
},
{
    "model": "lcf.technology",
    "pk": 1415,
    "fields": {
        "name": "ONW",
        "pot": 1748,
        "min_levelised_cost": 62.6,
        "max_levelised_cost": 84.0,
        "strike_price": 80.0,
        "load_factor": 0.286875,
        "project_gen": 30.0,
        "max_deployment_cap": 0.73
    }
},
{
    "model": "lcf.technology",
    "pk": 1416,
    "fields": {
        "name": "ONW",
        "pot": 1751,
        "min_levelised_cost": 63.0,
        "max_levelised_cost": 85.0,
        "strike_price": 80.0,
        "load_factor": 0.2890625,
        "project_gen": 30.0,
        "max_deployment_cap": 0.73
    }
},
{
    "model": "lcf.technology",
    "pk": 1417,
    "fields": {
        "name": "TL",
        "pot": 1735,
        "min_levelised_cost": 0.0,
        "max_levelised_cost": 0.0,
        "strike_price": 0.0,
        "load_factor": 0.0,
        "project_gen": 2200.0,
        "max_deployment_cap": 0.0
    }
},
{
    "model": "lcf.technology",
    "pk": 1418,
    "fields": {
        "name": "TL",
        "pot": 1738,
        "min_levelised_cost": 150.0,
        "max_levelised_cost": 150.0,
        "strike_price": 168.0,
        "load_factor": 0.25,
        "project_gen": 2200.0,
        "max_deployment_cap": 0.226027397260274
    }
},
{
    "model": "lcf.technology",
    "pk": 1419,
    "fields": {
        "name": "TL",
        "pot": 1741,
        "min_levelised_cost": 0.0,
        "max_levelised_cost": 0.0,
        "strike_price": 168.0,
        "load_factor": 0.25,
        "project_gen": 2200.0,
        "max_deployment_cap": 0.0
    }
},
{
    "model": "lcf.technology",
    "pk": 1420,
    "fields": {
        "name": "TL",
        "pot": 1744,
        "min_levelised_cost": 0.0,
        "max_levelised_cost": 0.0,
        "strike_price": 168.0,
        "load_factor": 0.25,
        "project_gen": 2200.0,
        "max_deployment_cap": 0.0
    }
},
{
    "model": "lcf.technology",
    "pk": 1421,
    "fields": {
        "name": "TL",
        "pot": 1747,
        "min_levelised_cost": 0.0,
        "max_levelised_cost": 0.0,
        "strike_price": 168.0,
        "load_factor": 0.25,
        "project_gen": 2200.0,
        "max_deployment_cap": 0.0
    }
},
{
    "model": "lcf.technology",
    "pk": 1422,
    "fields": {
        "name": "TL",
        "pot": 1750,
        "min_levelised_cost": 90.0,
        "max_levelised_cost": 90.0,
        "strike_price": 92.0,
        "load_factor": 0.25,
        "project_gen": 2200.0,
        "max_deployment_cap": 2.73972602739726
    }
},
{
    "model": "lcf.technology",
    "pk": 1423,
    "fields": {
        "name": "TS",
        "pot": 1735,
        "min_levelised_cost": 151.25,
        "max_levelised_cost": 225.0,
        "strike_price": 305.0,
        "load_factor": 0.31,
        "project_gen": 50.0,
        "max_deployment_cap": 0.066
    }
},
{
    "model": "lcf.technology",
    "pk": 1424,
    "fields": {
        "name": "TS",
        "pot": 1738,
        "min_levelised_cost": 143.125,
        "max_levelised_cost": 212.5,
        "strike_price": 305.0,
        "load_factor": 0.31,
        "project_gen": 50.0,
        "max_deployment_cap": 0.0068
    }
},
{
    "model": "lcf.technology",
    "pk": 1425,
    "fields": {
        "name": "TS",
        "pot": 1741,
        "min_levelised_cost": 135.0,
        "max_levelised_cost": 200.0,
        "strike_price": 305.0,
        "load_factor": 0.31,
        "project_gen": 50.0,
        "max_deployment_cap": 0.0068
    }
},
{
    "model": "lcf.technology",
    "pk": 1426,
    "fields": {
        "name": "TS",
        "pot": 1744,
        "min_levelised_cost": 126.875,
        "max_levelised_cost": 187.5,
        "strike_price": 305.0,
        "load_factor": 0.31,
        "project_gen": 50.0,
        "max_deployment_cap": 0.0068
    }
},
{
    "model": "lcf.technology",
    "pk": 1427,
    "fields": {
        "name": "TS",
        "pot": 1747,
        "min_levelised_cost": 118.75,
        "max_levelised_cost": 175.0,
        "strike_price": 305.0,
        "load_factor": 0.31,
        "project_gen": 50.0,
        "max_deployment_cap": 0.0068
    }
},
{
    "model": "lcf.technology",
    "pk": 1428,
    "fields": {
        "name": "TS",
        "pot": 1750,
        "min_levelised_cost": 110.625,
        "max_levelised_cost": 162.5,
        "strike_price": 305.0,
        "load_factor": 0.31,
        "project_gen": 50.0,
        "max_deployment_cap": 0.0068
    }
},
{
    "model": "lcf.technology",
    "pk": 1429,
    "fields": {
        "name": "NU",
        "pot": 1737,
        "min_levelised_cost": 79.0,
        "max_levelised_cost": 102.0,
        "strike_price": 100.609806276033,
        "load_factor": 0.8,
        "project_gen": 10000.0,
        "max_deployment_cap": 0.0
    }
},
{
    "model": "lcf.technology",
    "pk": 1430,
    "fields": {
        "name": "NU",
        "pot": 1740,
        "min_levelised_cost": 78.2,
        "max_levelised_cost": 101.8,
        "strike_price": 98.9878450208266,
        "load_factor": 0.8,
        "project_gen": 10000.0,
        "max_deployment_cap": 0.0
    }
},
{
    "model": "lcf.technology",
    "pk": 1431,
    "fields": {
        "name": "NU",
        "pot": 1743,
        "min_levelised_cost": 77.4,
        "max_levelised_cost": 101.6,
        "strike_price": 97.3658837656199,
        "load_factor": 0.8,
        "project_gen": 10000.0,
        "max_deployment_cap": 0.0
    }
},
{
    "model": "lcf.technology",
    "pk": 1432,
    "fields": {
        "name": "NU",
        "pot": 1746,
        "min_levelised_cost": 76.6,
        "max_levelised_cost": 101.4,
        "strike_price": 90.0,
        "load_factor": 0.8,
        "project_gen": 10000.0,
        "max_deployment_cap": 0.0
    }
},
{
    "model": "lcf.technology",
    "pk": 1433,
    "fields": {
        "name": "NU",
        "pot": 1749,
        "min_levelised_cost": 75.8,
        "max_levelised_cost": 101.2,
        "strike_price": 90.0,
        "load_factor": 0.8,
        "project_gen": 10000.0,
        "max_deployment_cap": 2.9
    }
},
{
    "model": "lcf.technology",
    "pk": 1434,
    "fields": {
        "name": "NU",
        "pot": 1752,
        "min_levelised_cost": 75.0,
        "max_levelised_cost": 101.0,
        "strike_price": 92.5,
        "load_factor": 0.9,
        "project_gen": 10000.0,
        "max_deployment_cap": 0.0
    }
},
{
    "model": "lcf.technology",
    "pk": 1435,
    "fields": {
        "name": "OFW",
        "pot": 1735,
        "min_levelised_cost": 71.3353908668731,
        "max_levelised_cost": 103.034791021672,
        "strike_price": 114.074615384615,
        "load_factor": 0.42,
        "project_gen": 832.0,
        "max_deployment_cap": 1.9
    }
},
{
    "model": "lcf.technology",
    "pk": 1436,
    "fields": {
        "name": "OFW",
        "pot": 1738,
        "min_levelised_cost": 71.1099729102167,
        "max_levelised_cost": 101.917093653251,
        "strike_price": 112.136153846154,
        "load_factor": 0.434,
        "project_gen": 832.0,
        "max_deployment_cap": 1.9
    }
},
{
    "model": "lcf.technology",
    "pk": 1437,
    "fields": {
        "name": "OFW",
        "pot": 1741,
        "min_levelised_cost": 70.8845549535604,
        "max_levelised_cost": 100.79939628483,
        "strike_price": 110.197692307692,
        "load_factor": 0.448,
        "project_gen": 832.0,
        "max_deployment_cap": 1.9
    }
},
{
    "model": "lcf.technology",
    "pk": 1438,
    "fields": {
        "name": "OFW",
        "pot": 1744,
        "min_levelised_cost": 70.659136996904,
        "max_levelised_cost": 99.6816989164087,
        "strike_price": 108.259230769231,
        "load_factor": 0.462,
        "project_gen": 832.0,
        "max_deployment_cap": 1.9
    }
},
{
    "model": "lcf.technology",
    "pk": 1439,
    "fields": {
        "name": "OFW",
        "pot": 1747,
        "min_levelised_cost": 70.4337190402477,
        "max_levelised_cost": 98.5640015479876,
        "strike_price": 106.320769230769,
        "load_factor": 0.476,
        "project_gen": 832.0,
        "max_deployment_cap": 1.9
    }
},
{
    "model": "lcf.technology",
    "pk": 1440,
    "fields": {
        "name": "OFW",
        "pot": 1750,
        "min_levelised_cost": 70.2083010835913,
        "max_levelised_cost": 97.4463041795666,
        "strike_price": 104.382307692308,
        "load_factor": 0.49,
        "project_gen": 832.0,
        "max_deployment_cap": 1.9
    }
}
]
